{
  "website": "https://www.cs.princeton.edu/",
  "domain": "www.cs.princeton.edu",
  "scraped_at": "2025-11-09 14:32:28",
  "navigation": [
    {
      "type": "dropdown",
      "title": "Academics",
      "url": "/academics",
      "children": [
        {
          "type": "link",
          "title": "Undergraduate Program",
          "url": "https://www.cs.princeton.edu/ugrad/undergraduate-program"
        },
        {
          "type": "link",
          "title": "Graduate Program",
          "url": "https://www.cs.princeton.edu/grad/graduate-program"
        },
        {
          "type": "link",
          "title": "Graduate Admissions",
          "url": "https://www.cs.princeton.edu/grad/admissions_requirements"
        },
        {
          "type": "link",
          "title": "Courses",
          "url": "https://www.cs.princeton.edu/courses/schedule"
        }
      ]
    },
    {
      "type": "dropdown",
      "title": "Research",
      "url": "https://www.cs.princeton.edu/research/areas",
      "children": [
        {
          "type": "link",
          "title": "Research Areas",
          "url": "https://www.cs.princeton.edu/research/areas"
        },
        {
          "type": "link",
          "title": "Technical Reports",
          "url": "https://www.cs.princeton.edu/research/techreps"
        },
        {
          "type": "link",
          "title": "Computing Facilities",
          "url": "https://www.cs.princeton.edu/research/computing-facilities"
        }
      ]
    },
    {
      "type": "dropdown",
      "title": "People",
      "url": "/people/faculty?facultyType=faculty",
      "children": [
        {
          "type": "link",
          "title": "Faculty",
          "url": "https://www.cs.princeton.edu/people/faculty?facultyType=faculty"
        },
        {
          "type": "link",
          "title": "Researchers",
          "url": "https://www.cs.princeton.edu/people/research"
        },
        {
          "type": "link",
          "title": "Technical Staff",
          "url": "https://www.cs.princeton.edu/people/restech"
        },
        {
          "type": "link",
          "title": "Administrative Staff",
          "url": "https://www.cs.princeton.edu/people/admins"
        },
        {
          "type": "link",
          "title": "Graduate Students",
          "url": "https://www.cs.princeton.edu/people/grad"
        },
        {
          "type": "link",
          "title": "Graduate Alumni",
          "url": "https://www.cs.princeton.edu/people/gradalumni"
        }
      ]
    },
    {
      "type": "dropdown",
      "title": "News & Events",
      "url": "/newsevents",
      "children": [
        {
          "type": "link",
          "title": "Events",
          "url": "https://www.cs.princeton.edu/events"
        },
        {
          "type": "link",
          "title": "News",
          "url": "https://www.cs.princeton.edu/news"
        }
      ]
    },
    {
      "type": "dropdown",
      "title": "Diversity & Outreach",
      "url": "/diversity-outreach",
      "children": [
        {
          "type": "link",
          "title": "Climate and Inclusion Committee",
          "url": "https://www.cs.princeton.edu/diversity-and-outreach/climate-and-inclusion-committee"
        },
        {
          "type": "link",
          "title": "Resources for students",
          "url": "https://www.cs.princeton.edu/diversity-and-outreach/resources-students"
        },
        {
          "type": "link",
          "title": "Outreach initiatives",
          "url": "https://www.cs.princeton.edu/diversity-and-outreach/outreach-initiatives"
        },
        {
          "type": "link",
          "title": "Resources for faculty and staff",
          "url": "https://www.cs.princeton.edu/diversity-and-outreach/resources-faculty-and-staff"
        }
      ]
    }
  ],
  "metadata": {
    "total_links": 19,
    "top_level_items": 5,
    "max_depth": 2
  }
}