{
  "website": "https://www.gnu.org",
  "domain": "www.gnu.org",
  "scraped_at": "2025-11-09 14:32:23",
  "navigation": [
    {
      "type": "link",
      "title": "Site navigation",
      "url": "https://www.gnu.org#navigation"
    },
    {
      "type": "link",
      "title": "Skip",
      "url": "https://www.gnu.org#content"
    },
    {
      "type": "link",
      "title": "ABOUT GNU",
      "url": "https://www.gnu.org/gnu/gnu.html"
    },
    {
      "type": "link",
      "title": "PHILOSOPHY",
      "url": "https://www.gnu.org/philosophy/philosophy.html"
    },
    {
      "type": "link",
      "title": "LICENSES",
      "url": "https://www.gnu.org/licenses/licenses.html"
    },
    {
      "type": "link",
      "title": "EDUCATION",
      "url": "https://www.gnu.org/education/education.html"
    },
    {
      "type": "link",
      "title": "SOFTWARE",
      "url": "https://www.gnu.org/software/software.html"
    },
    {
      "type": "link",
      "title": "DISTROS",
      "url": "https://www.gnu.org/distros/distros.html"
    },
    {
      "type": "link",
      "title": "DOCS",
      "url": "https://www.gnu.org/doc/doc.html"
    },
    {
      "type": "link",
      "title": "MALWARE",
      "url": "https://www.gnu.org/proprietary/proprietary.html"
    },
    {
      "type": "link",
      "title": "HELP GNU",
      "url": "https://www.gnu.org/help/help.html"
    },
    {
      "type": "link",
      "title": "AUDIO & VIDEO",
      "url": "https://www.gnu.org/audio-video/audio-video.html"
    },
    {
      "type": "link",
      "title": "GNU ART",
      "url": "https://www.gnu.org/graphics/graphics.html"
    },
    {
      "type": "link",
      "title": "FUN",
      "url": "https://www.gnu.org/fun/humor.html"
    },
    {
      "type": "link",
      "title": "GNU'S WHO",
      "url": "https://www.gnu.org/people/people.html"
    },
    {
      "type": "link",
      "title": "SOFTWARE DIRECTORY",
      "url": "https://directory.fsf.org"
    },
    {
      "type": "link",
      "title": "HARDWARE",
      "url": "https://h-node.org/"
    },
    {
      "type": "link",
      "title": "SITEMAP",
      "url": "https://www.gnu.org/server/sitemap.html"
    }
  ],
  "metadata": {
    "total_links": 18,
    "top_level_items": 18,
    "max_depth": 1
  }
}