{
  "website": "https://mailchimp.com",
  "domain": "mailchimp.com",
  "scraped_at": "2025-11-09 14:29:54",
  "navigation": [
    {
      "type": "dropdown",
      "title": "For your industry",
      "children": [
        {
          "type": "section",
          "title": "For your industry",
          "children": [
            {
              "type": "link",
              "title": "E-commerce and retail",
              "url": "https://mailchimp.com/solutions/ecommerce-marketing-tools/"
            },
            {
              "type": "link",
              "title": "Mobile and web apps",
              "url": "https://mailchimp.com/solutions/mobile-app-marketing-tools/"
            },
            {
              "type": "link",
              "title": "Start-ups",
              "url": "https://mailchimp.com/solutions/marketing-tools-startups/"
            },
            {
              "type": "link",
              "title": "Agencies and freelancers",
              "url": "https://mailchimp.com/andco/"
            },
            {
              "type": "link",
              "title": "Developers",
              "url": "https://mailchimp.com/developer/"
            }
          ]
        }
      ]
    },
    {
      "type": "dropdown",
      "title": "Back",
      "children": [
        {
          "type": "section",
          "title": "Solutions and Services",
          "children": [
            {
              "type": "link",
              "title": "Email marketingSend personalized emails that convert",
              "url": "https://mailchimp.com/solutions/email-marketing-platform/"
            },
            {
              "type": "link",
              "title": "WebsitesCreate your branded web presence",
              "url": "https://mailchimp.com/solutions/website-builder/"
            },
            {
              "type": "link",
              "title": "Social media marketingAmplify the conversation across multiple channels",
              "url": "https://mailchimp.com/solutions/social-media-marketing-tools/"
            },
            {
              "type": "link",
              "title": "TemplatesCustomize pre-designed layouts",
              "url": "https://mailchimp.com/solutions/digital-marketing-templates/"
            },
            {
              "type": "link",
              "title": "Marketing automationDeliver the right message at the right time",
              "url": "https://mailchimp.com/solutions/marketing-automation-tools/"
            },
            {
              "type": "link",
              "title": "Reporting and analyticsTrack sales & campaign performance",
              "url": "https://mailchimp.com/solutions/analytics-reporting-tools/"
            },
            {
              "type": "link",
              "title": "Audience managementTarget and segment customers",
              "url": "https://mailchimp.com/solutions/audience-segmentation-tools/"
            },
            {
              "type": "link",
              "title": "AI marketing toolsSay hello to your AI growth assistant",
              "url": "https://mailchimp.com/solutions/ai-tools/"
            },
            {
              "type": "link",
              "title": "Content creation toolsBuild content that captivates and converts",
              "url": "https://mailchimp.com/solutions/content-creation-tools/"
            },
            {
              "type": "link",
              "title": "Lead generation platformGrow your audience with high-quality leads",
              "url": "https://mailchimp.com/solutions/lead-generation-platform/"
            },
            {
              "type": "link",
              "title": "See all featuresSee all our product offerings in one place",
              "url": "https://mailchimp.com/features/"
            },
            {
              "type": "link",
              "title": "See what’s new",
              "url": "https://mailchimp.com/whats-new/"
            }
          ]
        },
        {
          "type": "section",
          "title": "Professional Services",
          "children": [
            {
              "type": "link",
              "title": "Hire an Expert",
              "url": "https://mailchimp.com/experts/"
            },
            {
              "type": "link",
              "title": "Personalized onboarding",
              "url": "https://mailchimp.com/services/onboarding/"
            },
            {
              "type": "link",
              "title": "Customer success",
              "url": "https://mailchimp.com/services/customer-success-management/"
            }
          ]
        }
      ]
    }
  ],
  "metadata": {
    "total_links": 20,
    "top_level_items": 2,
    "max_depth": 3
  }
}