{
  "website": "https://www.shopify.com",
  "domain": "www.shopify.com",
  "scraped_at": "2025-11-09 14:30:27",
  "navigation": [
    {
      "type": "mega-menu",
      "title": "Solutions",
      "children": [
        {
          "type": "link",
          "title": "Start your business.Build your brand",
          "url": "https://www.shopify.com/start"
        },
        {
          "type": "link",
          "title": "Create your website.Online store editor",
          "url": "https://www.shopify.com/website/builder"
        },
        {
          "type": "link",
          "title": "Customize your store.Store themes",
          "url": "https://themes.shopify.com/"
        },
        {
          "type": "link",
          "title": "Find business apps.Shopify app store",
          "url": "https://apps.shopify.com/"
        },
        {
          "type": "link",
          "title": "Own your site domain.Domains & hosting",
          "url": "https://www.shopify.com/domains"
        },
        {
          "type": "link",
          "title": "Explore free business tools.Tools to run your business",
          "url": "https://www.shopify.com/tools"
        },
        {
          "type": "link",
          "title": "Sell your products.Sell online or in person",
          "url": "https://www.shopify.com/sell"
        },
        {
          "type": "link",
          "title": "Check out customers.World-class checkout",
          "url": "https://www.shopify.com/checkout"
        },
        {
          "type": "link",
          "title": "Sell online.Grow your business online",
          "url": "https://www.shopify.com/online"
        },
        {
          "type": "link",
          "title": "Sell across channels.Reach millions of shoppers and boost sales",
          "url": "https://www.shopify.com/channels"
        },
        {
          "type": "link",
          "title": "Sell in person.Point of Sale (POS",
          "url": "https://www.shopify.com/pos"
        },
        {
          "type": "link",
          "title": "Sell globally.International sales",
          "url": "https://www.shopify.com/international"
        },
        {
          "type": "link",
          "title": "Sell wholesale & direct.Business-to-business (B2B",
          "url": "https://www.shopify.com/plus/solutions/b2b-ecommerce"
        },
        {
          "type": "link",
          "title": "Accept online payments.Set up forms of payment",
          "url": "https://www.shopify.com/payments"
        },
        {
          "type": "link",
          "title": "Market your business.Reach & retain customers",
          "url": "https://www.shopify.com/marketing"
        },
        {
          "type": "link",
          "title": "Market across social.Social media integrations",
          "url": "https://www.shopify.com/facebook-instagram"
        },
        {
          "type": "link",
          "title": "Chat with customers.Shopify Inbox",
          "url": "https://www.shopify.com/inbox"
        },
        {
          "type": "link",
          "title": "Nurture customers.Shopify Email",
          "url": "https://www.shopify.com/email-marketing"
        },
        {
          "type": "link",
          "title": "Know your audience.Gain customer insights",
          "url": "https://www.shopify.com/segmentation"
        },
        {
          "type": "link",
          "title": "Manage your business.Track sales, orders & analytics",
          "url": "https://www.shopify.com/manage"
        },
        {
          "type": "link",
          "title": "Manage your finances & access funding.Shopify Finance",
          "url": "https://www.shopify.com/finance"
        },
        {
          "type": "link",
          "title": "Measure your performance.Analytics and Reporting",
          "url": "https://www.shopify.com/analytics"
        },
        {
          "type": "link",
          "title": "Ship orders faster.Shopify Shipping",
          "url": "https://www.shopify.com/shipping"
        },
        {
          "type": "link",
          "title": "Manage your stock & orders.Inventory & order management",
          "url": "https://www.shopify.com/orders"
        },
        {
          "type": "link",
          "title": "Outsource fulfillment & returns.Shopify Fulfillment Network",
          "url": "https://www.shopify.com/fulfillment"
        },
        {
          "type": "link",
          "title": "Automate your business.Shopify Flow",
          "url": "https://www.shopify.com/flow"
        },
        {
          "type": "link",
          "title": "Shopify Developers.Build with Shopify's powerful APIs",
          "url": "https://shopify.dev"
        },
        {
          "type": "link",
          "title": "Plus.A commerce solution for growing digital brands",
          "url": "https://www.shopify.com/plus"
        },
        {
          "type": "link",
          "title": "All Products.Explore all Shopify products & features",
          "url": "https://www.shopify.com/products"
        }
      ]
    },
    {
      "type": "mega-menu",
      "title": "Resources",
      "children": [
        {
          "type": "link",
          "title": "Help and support.Get 24/7 support",
          "url": "https://help.shopify.com/en/"
        },
        {
          "type": "link",
          "title": "How-to guides.Read in-depth business guides",
          "url": "https://www.shopify.com/blog/topics/guides"
        },
        {
          "type": "link",
          "title": "Business courses.Learn from proven experts",
          "url": "https://www.shopifyacademy.com"
        },
        {
          "type": "link",
          "title": "Shopify blog.Business strategy tips",
          "url": "https://www.shopify.com/blog"
        },
        {
          "type": "link",
          "title": "What is Shopify?.How our commerce platform works",
          "url": "https://www.shopify.com/blog/what-is-shopify"
        },
        {
          "type": "link",
          "title": "Shopify Editions.New, innovative Shopify products",
          "url": "https://www.shopify.com/editions"
        },
        {
          "type": "link",
          "title": "Founder stories.Learn from successful merchants",
          "url": "https://www.shopify.com/blog/topics/founder-stories"
        },
        {
          "type": "link",
          "title": "Branding.Build your brand from scratch",
          "url": "https://www.shopify.com/blog/how-to-build-a-brand"
        },
        {
          "type": "link",
          "title": "Marketing.Build a marketing plan",
          "url": "https://www.shopify.com/blog/marketing-plan"
        },
        {
          "type": "link",
          "title": "Ecommerce SEO.Improve your search ranking",
          "url": "https://www.shopify.com/blog/ecommerce-seo-beginners-guide"
        },
        {
          "type": "link",
          "title": "Social media strategy.Turn social into sales",
          "url": "https://www.shopify.com/blog/topics/social-media-optimization"
        },
        {
          "type": "link",
          "title": "Business growth.Scale your business",
          "url": "https://www.shopify.com/blog/how-to-scale-small-business"
        },
        {
          "type": "link",
          "title": "Logo maker",
          "url": "https://www.shopify.com/tools/logo-maker"
        },
        {
          "type": "link",
          "title": "Stock photography",
          "url": "https://www.shopify.com/stock-photos"
        },
        {
          "type": "link",
          "title": "Business plan template",
          "url": "https://www.shopify.com/blog/business-plan-template"
        },
        {
          "type": "link",
          "title": "QR code generator",
          "url": "https://www.shopify.com/tools/qr-code-generator"
        }
      ]
    },
    {
      "type": "mega-menu",
      "title": "What’s new",
      "children": [
        {
          "type": "link",
          "title": "Changelog.Your source for recent updates",
          "url": "https://changelog.shopify.com"
        },
        {
          "type": "link",
          "title": "Summer ’25 Edition.The latest 150+ product updates",
          "url": "https://www.shopify.com/editions/summer2025"
        },
        {
          "type": "link",
          "title": "Newsroom.All company news and press releases",
          "url": "https://shopify.com/news"
        }
      ]
    },
    {
      "type": "link",
      "title": "Pricing",
      "url": "https://www.shopify.com/pricing"
    },
    {
      "type": "link",
      "title": "Enterprise",
      "url": "https://www.shopify.com/enterprise"
    },
    {
      "type": "link",
      "title": "Log in",
      "url": "https://www.shopify.com/login?ui_locales=en"
    },
    {
      "type": "link",
      "title": "Start for free",
      "url": "https://admin.shopify.com/signup?locale=en&language=en&signup_page=https%3A%2F%2Fwww.shopify.com%2F&signup_types%5B%5D=paid_trial_experience"
    }
  ],
  "metadata": {
    "total_links": 52,
    "top_level_items": 7,
    "max_depth": 2
  }
}