{
  "website": "https://stuffandnonsense.co.uk",
  "domain": "stuffandnonsense.co.uk",
  "scraped_at": "2025-11-09 14:31:05",
  "navigation": [
    {
      "type": "link",
      "title": "About",
      "url": "https://stuffandnonsense.co.uk/about"
    },
    {
      "type": "link",
      "title": "Work",
      "url": "https://stuffandnonsense.co.uk/design"
    },
    {
      "type": "link",
      "title": "Blog",
      "url": "https://stuffandnonsense.co.uk/blog"
    },
    {
      "type": "link",
      "title": "Shop",
      "url": "https://stuffandnonsense.co.uk/shop"
    },
    {
      "type": "link",
      "title": "Videos",
      "url": "https://stuffandnonsense.co.uk/videos"
    },
    {
      "type": "link",
      "title": "Contact",
      "url": "https://stuffandnonsense.co.uk/contact"
    }
  ],
  "metadata": {
    "total_links": 6,
    "top_level_items": 6,
    "max_depth": 1
  }
}