{
  "website": "https://www.teuxdeux.com",
  "domain": "www.teuxdeux.com",
  "scraped_at": "2025-11-09 14:30:37",
  "navigation": [
    {
      "type": "link",
      "title": "TeuxDeux",
      "url": "https://www.teuxdeux.com/"
    },
    {
      "type": "link",
      "title": "Purpose",
      "url": "https://www.teuxdeux.com/purpose"
    },
    {
      "type": "link",
      "title": "Pricing",
      "url": "https://www.teuxdeux.com/pricing"
    },
    {
      "type": "link",
      "title": "Blog",
      "url": "https://www.teuxdeux.com/blog"
    },
    {
      "type": "link",
      "title": "Download for iOS",
      "url": "https://apps.apple.com/au/app/teuxdeux/id384291782"
    },
    {
      "type": "link",
      "title": "Download for Android",
      "url": "https://play.google.com/store/apps/details?id=com.teuxdeux.twa&utm_source=teuxdeuxdotcom"
    },
    {
      "type": "link",
      "title": "Log In",
      "url": "https://www.teuxdeux.com/login"
    },
    {
      "type": "link",
      "title": "Try for free",
      "url": "https://www.teuxdeux.com/signup",
      "is_cta": true
    }
  ],
  "metadata": {
    "total_links": 8,
    "top_level_items": 8,
    "max_depth": 1
  }
}