{
  "website": "https://text.npr.org",
  "domain": "text.npr.org",
  "scraped_at": "2025-11-09 14:31:51",
  "navigation": [
    {
      "type": "link",
      "title": "News",
      "url": "https://text.npr.org/1001"
    },
    {
      "type": "link",
      "title": "Culture",
      "url": "https://text.npr.org/1008"
    },
    {
      "type": "link",
      "title": "Music",
      "url": "https://text.npr.org/1039"
    }
  ],
  "metadata": {
    "total_links": 3,
    "top_level_items": 3,
    "max_depth": 1
  }
}