{
  "website": "https://w3.org",
  "domain": "w3.org",
  "scraped_at": "2025-11-09 14:31:35",
  "navigation": [
    {
      "type": "dropdown",
      "title": "Standards & groups",
      "url": "https://www.w3.org/standards/",
      "children": [
        {
          "type": "section",
          "title": "Standards & groups",
          "children": [
            {
              "type": "link",
              "title": "Explore web standards",
              "url": "https://www.w3.org/standards/"
            },
            {
              "type": "link",
              "title": "About W3C web standards",
              "url": "https://www.w3.org/standards/about/"
            },
            {
              "type": "link",
              "title": "W3C standards & drafts",
              "url": "https://www.w3.org/TR/"
            },
            {
              "type": "link",
              "title": "Types of documents W3C publishes",
              "url": "https://www.w3.org/standards/types/"
            },
            {
              "type": "link",
              "title": "W3C groups",
              "url": "https://www.w3.org/groups/"
            },
            {
              "type": "link",
              "title": "Translations of W3C standards & drafts",
              "url": "https://www.w3.org/translations/"
            },
            {
              "type": "link",
              "title": "Reviews & public feedback",
              "url": "https://www.w3.org/standards/review/"
            },
            {
              "type": "link",
              "title": "Promote web standards",
              "url": "https://www.w3.org/get-involved/promote/"
            },
            {
              "type": "link",
              "title": "Liaisons",
              "url": "https://www.w3.org/liaisons/"
            },
            {
              "type": "link",
              "title": "Technical Architecture Group (TAG",
              "url": "https://www.w3.org/groups/other/tag/"
            }
          ]
        }
      ]
    },
    {
      "type": "dropdown",
      "title": "Get involved",
      "url": "https://www.w3.org/get-involved/",
      "children": [
        {
          "type": "section",
          "title": "Get involved",
          "children": [
            {
              "type": "link",
              "title": "Find ways to get involved",
              "url": "https://www.w3.org/get-involved/"
            },
            {
              "type": "link",
              "title": "Browse our work by industry",
              "url": "https://www.w3.org/ecosystems/"
            },
            {
              "type": "link",
              "title": "Become a Member",
              "url": "https://www.w3.org/membership/"
            },
            {
              "type": "link",
              "title": "Member home (restricted",
              "url": "https://www.w3.org/Member/"
            },
            {
              "type": "link",
              "title": "Support us",
              "url": "https://www.w3.org/support-us/"
            },
            {
              "type": "link",
              "title": "Mailing lists",
              "url": "https://www.w3.org/email/"
            },
            {
              "type": "link",
              "title": "Participant guidebook",
              "url": "https://www.w3.org/guide/"
            },
            {
              "type": "link",
              "title": "Positive work environment",
              "url": "https://www.w3.org/about/positive-work-environment/"
            },
            {
              "type": "link",
              "title": "Invited Experts",
              "url": "https://www.w3.org/invited-experts/"
            }
          ]
        }
      ]
    },
    {
      "type": "dropdown",
      "title": "Resources",
      "url": "https://www.w3.org/resources/",
      "children": [
        {
          "type": "section",
          "title": "Resources",
          "children": [
            {
              "type": "link",
              "title": "Learn from W3C resources",
              "url": "https://www.w3.org/resources/"
            },
            {
              "type": "link",
              "title": "Developers",
              "url": "https://www.w3.org/developers/"
            },
            {
              "type": "link",
              "title": "Validators & tools",
              "url": "https://www.w3.org/developers/tools/"
            },
            {
              "type": "link",
              "title": "Accessibility fundamentals",
              "url": "https://www.w3.org/WAI/fundamentals/"
            },
            {
              "type": "link",
              "title": "Internationalization (i18n",
              "url": "https://www.w3.org/International/i18n-drafts/nav/about"
            },
            {
              "type": "link",
              "title": "Code of conduct",
              "url": "https://www.w3.org/policies/code-of-conduct/"
            },
            {
              "type": "link",
              "title": "Reports",
              "url": "https://www.w3.org/reports/"
            }
          ]
        }
      ]
    },
    {
      "type": "dropdown",
      "title": "News & events",
      "url": "https://www.w3.org/news-events/",
      "children": [
        {
          "type": "section",
          "title": "News & events",
          "children": [
            {
              "type": "link",
              "title": "Explore news & events",
              "url": "https://www.w3.org/news-events/"
            },
            {
              "type": "link",
              "title": "News",
              "url": "https://www.w3.org/news/"
            },
            {
              "type": "link",
              "title": "Blog",
              "url": "https://www.w3.org/blog/"
            },
            {
              "type": "link",
              "title": "Press releases",
              "url": "https://www.w3.org/press-releases/"
            },
            {
              "type": "link",
              "title": "Press & media",
              "url": "https://www.w3.org/about/press-media/"
            },
            {
              "type": "link",
              "title": "Events",
              "url": "https://www.w3.org/events/"
            },
            {
              "type": "link",
              "title": "Annual W3C Conference (TPAC",
              "url": "https://www.w3.org/news-events/w3c-tpac/"
            }
          ]
        }
      ]
    },
    {
      "type": "dropdown",
      "title": "About",
      "url": "https://www.w3.org/about/",
      "children": [
        {
          "type": "section",
          "title": "About",
          "children": [
            {
              "type": "link",
              "title": "Find out more about us",
              "url": "https://www.w3.org/about/"
            },
            {
              "type": "link",
              "title": "Our mission",
              "url": "https://www.w3.org/mission/"
            },
            {
              "type": "link",
              "title": "Leadership",
              "url": "https://www.w3.org/about/leadership/"
            },
            {
              "type": "link",
              "title": "Staff",
              "url": "https://www.w3.org/staff/"
            },
            {
              "type": "link",
              "title": "Careers",
              "url": "https://www.w3.org/careers/"
            },
            {
              "type": "link",
              "title": "Diversity",
              "url": "https://www.w3.org/about/diversity/"
            },
            {
              "type": "link",
              "title": "Evangelists",
              "url": "https://www.w3.org/evangelists/"
            },
            {
              "type": "link",
              "title": "Corporation",
              "url": "https://www.w3.org/about/corporation/"
            },
            {
              "type": "link",
              "title": "Policies & legal information",
              "url": "https://www.w3.org/policies/"
            },
            {
              "type": "link",
              "title": "Contact us",
              "url": "https://www.w3.org/contact/",
              "is_cta": true
            },
            {
              "type": "link",
              "title": "Help",
              "url": "https://www.w3.org/help/"
            }
          ]
        }
      ]
    },
    {
      "type": "link",
      "title": "Visit the W3C homepage",
      "url": "https://www.w3.org/"
    },
    {
      "type": "link",
      "title": "Search",
      "url": "https://www.w3.org/help/search/"
    },
    {
      "type": "link",
      "title": "My account",
      "url": "https://www.w3.org/users/myprofile/"
    }
  ],
  "metadata": {
    "total_links": 47,
    "top_level_items": 8,
    "max_depth": 3
  }
}