{
  "website": "https://www.wordpress.com",
  "domain": "www.wordpress.com",
  "scraped_at": "2025-11-09 14:30:20",
  "navigation": [
    {
      "type": "link",
      "title": "Plans & Pricing",
      "url": "https://wordpress.com/pricing/"
    },
    {
      "type": "link",
      "title": "Log in",
      "url": "https://wordpress.com/log-in/"
    },
    {
      "type": "link",
      "title": "Get started",
      "url": "https://wordpress.com/setup/onboarding/?ref=logged-out-homepage-lp",
      "is_cta": true
    }
  ],
  "metadata": {
    "total_links": 3,
    "top_level_items": 3,
    "max_depth": 1
  }
}