{
  "website": "https://write.as",
  "domain": "write.as",
  "scraped_at": "2025-11-09 14:30:47",
  "navigation": [
    {
      "type": "dropdown",
      "title": "Studio",
      "children": [
        {
          "type": "link",
          "title": "Write.asStart a minimal blog. Keep your privacy",
          "url": "https://write.as"
        },
        {
          "type": "link",
          "title": "Snap.asShare beautifully simple photos and galleries",
          "url": "https://snap.as"
        },
        {
          "type": "link",
          "title": "Submit.asAccept writing submissions, no signup required",
          "url": "https://submit.as"
        },
        {
          "type": "link",
          "title": "Remark.asStart a conversation around your blog",
          "url": "https://remark.as"
        },
        {
          "type": "link",
          "title": "Musing Studio",
          "url": "https://musing.studio"
        }
      ]
    },
    {
      "type": "link",
      "title": "About",
      "url": "https://write.as/about"
    },
    {
      "type": "link",
      "title": "Pricing",
      "url": "https://write.as/pricing"
    },
    {
      "type": "link",
      "title": "Read",
      "url": "https://read.write.as"
    },
    {
      "type": "link",
      "title": "Start a blog",
      "url": "https://write.as/start"
    },
    {
      "type": "link",
      "title": "Log in",
      "url": "https://write.as/login",
      "is_cta": true
    }
  ],
  "metadata": {
    "total_links": 10,
    "top_level_items": 6,
    "max_depth": 2
  }
}